{
  "average_precision": 0.8187707419573914,
  "precision": 0.801980198019802,
  "recall": 0.826530612244898,
  "f1": 0.8140703517587939,
  "threshold": 0.9214332633088606,
  "precision_default": 0.24175824175824176,
  "recall_default": 0.8979591836734694,
  "f1_default": 0.38095238095238093,
  "precision_improvement": 231.72817281728175
}